keyword,frequency
image,1857
detection,1639
networks,1541
graph,1467
object,1174
segmentation,1136
data,1096
language,1078
generation,1069
video,1043
efficient,1022
reinforcement,997
diffusion,927
representation,892
adversarial,885
estimation,869
optimization,867
semantic,812
visual,792
robust,787
recognition,749
knowledge,743
abstract,735
student,703
adaptive,695
prediction,692
multimodal,691
domain,674
large,666
framework,663
training,656
transformer,646
dynamic,624
classification,624
unsupervised,622
human,604
point,603
feature,602
contrastive,582
generative,572
adaptation,522
modeling,511
online,499
federated,498
attention,483
selfsupervised,479
reconstruction,464
search,459
scene,457
analysis,447
